id;name;document;document_content_type
1;potentially at;../fake-data/blob/hipster.png;image/png
2;continuity;../fake-data/blob/hipster.png;image/png
3;likewise well-documented frigate;../fake-data/blob/hipster.png;image/png
4;stall;../fake-data/blob/hipster.png;image/png
5;yowza gaiters;../fake-data/blob/hipster.png;image/png
6;apropos solemnly;../fake-data/blob/hipster.png;image/png
7;converse than content;../fake-data/blob/hipster.png;image/png
8;phew ferociously;../fake-data/blob/hipster.png;image/png
9;healthily queasy;../fake-data/blob/hipster.png;image/png
10;eek;../fake-data/blob/hipster.png;image/png
